{"cameraMode":{"drawMode":0,"name":"Shaded","section":"Shading Mode"},"sceneLighting":true,"audioPlay":false,"sceneViewState":{"m_AlwaysRefresh":false,"showFog":true,"showSkybox":true,"showFlares":true,"showImageEffects":true,"showParticleSystems":true,"showVisualEffectGraphs":true,"m_FxEnabled":true},"in2DMode":false,"pivot":{"x":1.9490327835083008,"y":0.2815932035446167,"z":0.11980104446411133},"rotation":{"x":-0.12403801828622818,"y":-0.08414117991924286,"z":0.010556640103459359,"w":-0.988650381565094},"size":2.2151002883911135,"orthographic":false}